event_id,timestamp,device_id,feeder,zone,risk_tier,customers_served,fault_type,faulted_phase,priority,wso_class,total_shots,locked_out,trip_delay_ms,trip_delay_cycles,peak_phase_current_a,peak_residual_a,est_miles,est_miles_valid,hif_suspect,sample_rate_hz,duration_s,sequence_outcome,flags
RCL_CH-1212_20260601_153442_016,2026-06-01T15:34:42,RCL_CH-1212,Cedar Hollow 1212,ZONE_A,3,436,SLG,B,1,PERMANENT,2,True,31.25,1.88,2497.5,2446.5,1.26,True,False,960.0,1.7542,LOCKED OUT (permanent fault),lockout
BKR_CH-1211_20260602_215605_046,2026-06-02T21:56:05,BKR_CH-1211,Cedar Hollow 1211,ZONE_A,3,684,LL,A,2,WSO_EXPOSED,2,False,18.75,1.12,3924.9,85.1,3.97,True,False,1920.0,1.5766,INDETERMINATE (2 shot(s)),multiple_shots
RCL_RG-2110_20260602_234257_0911,2026-06-02T23:42:57.979529,RCL_RG-2110,Bear Gulch 2110,ZONE_B,2,287,SLG,C,2,EPSS_CANDIDATE,0,False,,,1545.9,1511.5,1.97,True,False,1920.0,0.426,NO OPERATION DETECTED,no_trip
RCL_RG-2110R1_20260602_234258_091,2026-06-02T23:42:58,RCL_RG-2110R1,Bear Gulch 2110,ZONE_B,2,287,SLG,C,2,WSO_EXPOSED,2,False,27.08,1.62,1545.9,1531.2,1.95,True,False,960.0,3.4677,SUCCESSFUL RECLOSE after 2 shot(s) (temporary fault),multiple_shots
RCL_RG-2112_20260603_072028_041,2026-06-03T07:20:28,RCL_RG-2112,Summit Tap 2112,ZONE_B,2,882,LL,A,2,WSO_EXPOSED,2,False,29.69,1.78,2677.0,71.7,5.82,True,False,1920.0,3.4432,SUCCESSFUL RECLOSE after 2 shot(s) (temporary fault),multiple_shots
BKR_CH-1211_20260605_151318_102,2026-06-05T15:13:18,BKR_CH-1211,Cedar Hollow 1211,ZONE_A,3,684,LL,B,2,EPSS_CANDIDATE,0,False,,,3590.6,102.4,4.34,True,False,1920.0,0.4109,NO OPERATION DETECTED,no_trip
RCL_RB-4407_20260605_160442_0151,2026-06-05T16:04:42.996978,RCL_RB-4407,Riverbend 4407,ZONE_D,1,337,SLG,B,2,EPSS_CANDIDATE,0,False,,,1357.8,1317.6,6.36,True,False,1920.0,0.5573,NO OPERATION DETECTED,no_trip
RCL_RB-4407R1_20260605_160443_015,2026-06-05T16:04:43,RCL_RB-4407R1,Riverbend 4407,ZONE_D,1,337,SLG,B,1,INDETERMINATE,1,False,270.31,16.22,1357.8,1334.0,6.4,True,False,1920.0,0.488,INDETERMINATE (1 shot(s)),slow_trip
RCL_RG-2104R2_20260608_172543_110,2026-06-08T17:25:43,RCL_RG-2104R2,Ridgeline 2104,ZONE_B,2,231,SLG,C,1,PERMANENT,2,True,31.25,1.88,1035.4,1020.7,3.12,True,False,960.0,1.324,LOCKED OUT (permanent fault),lockout
RCL_RG-2104R1_20260608_172543_1101,2026-06-08T17:25:43.025897,RCL_RG-2104R1,Ridgeline 2104,ZONE_B,2,231,SLG,C,2,EPSS_CANDIDATE,0,False,,,965.4,943.2,3.15,True,False,1920.0,0.3812,NO OPERATION DETECTED,no_trip
RCL_RG-2106R1_20260608_172610_1103,2026-06-08T17:26:10.885926,RCL_RG-2106R1,Ridgeline 2106,ZONE_B,2,443,3PH,A,1,EPSS_CANDIDATE,0,False,,,112.9,0.0,225.84,False,False,1920.0,3.276,NO OPERATION DETECTED,3ph_fault|no_trip
BKR_RG-2104_20260609_075341_099,2026-06-09T07:53:41,BKR_RG-2104,Ridgeline 2104,ZONE_B,2,465,SLG,C,3,WSO_EXPOSED,1,False,40.62,2.44,1424.0,1368.2,2.11,True,False,960.0,1.4469,SUCCESSFUL RECLOSE after 1 shot(s) (temporary fault),
RCL_RG-2104R1_20260611_034348_0041,2026-06-11T03:43:48.972164,RCL_RG-2104R1,Ridgeline 2104,ZONE_B,2,231,LLG,A,2,EPSS_CANDIDATE,0,False,,,1348.2,1541.7,2.15,True,False,1920.0,0.3547,NO OPERATION DETECTED,no_trip|llg_fault
RCL_RG-2104R2_20260611_034349_004,2026-06-11T03:43:49,RCL_RG-2104R2,Ridgeline 2104,ZONE_B,2,231,LLG,A,2,WSO_EXPOSED,1,False,16.67,1.0,1348.2,1526.0,1.82,True,False,960.0,1.0302,SUCCESSFUL RECLOSE after 1 shot(s) (temporary fault),llg_fault
BKR_RG-2104_20260611_034349_0042,2026-06-11T03:43:49.012907,BKR_RG-2104,Ridgeline 2104,ZONE_B,2,465,LLG,A,2,EPSS_CANDIDATE,0,False,,,1348.2,1508.4,1.82,True,False,960.0,0.2302,NO OPERATION DETECTED,no_trip|llg_fault
RCL_RB-4411_20260613_203530_0181,2026-06-13T20:35:30.974499,RCL_RB-4411,Delta Flats 4411,ZONE_D,1,249,SLG,C,2,EPSS_CANDIDATE,0,False,,,2485.2,2452.8,3.38,True,False,1920.0,0.4167,NO OPERATION DETECTED,no_trip
RCL_RB-4411R1_20260613_203531_018,2026-06-13T20:35:31,RCL_RB-4411R1,Delta Flats 4411,ZONE_D,1,249,SLG,C,2,EPSS_CANDIDATE,0,False,,,2485.2,2469.4,3.38,True,False,1920.0,0.2651,NO OPERATION DETECTED,no_trip
RCL_RB-4402R1_20260614_235231_052,2026-06-14T23:52:31,RCL_RB-4402R1,Riverbend 4402,ZONE_D,1,266,3PH,A,1,WSO_EXPOSED,1,False,23.44,1.41,2933.7,0.0,4.35,True,False,1920.0,1.026,SUCCESSFUL RECLOSE after 1 shot(s) (temporary fault),3ph_fault
BKR_RB-4402_20260614_235231_0521,2026-06-14T23:52:31.021865,BKR_RB-4402,Riverbend 4402,ZONE_D,1,532,3PH,A,1,EPSS_CANDIDATE,0,False,,,2913.0,0.0,4.33,True,False,960.0,0.3615,NO OPERATION DETECTED,3ph_fault|no_trip
RCL_VO-3301R2_20260618_050125_043,2026-06-18T05:01:25,RCL_VO-3301R2,Valley Oak 3301,ZONE_C,2,550,SLG,C,3,WSO_EXPOSED,1,False,36.46,2.19,1855.3,1824.3,2.73,True,False,960.0,1.2271,SUCCESSFUL RECLOSE after 1 shot(s) (temporary fault),
BKR_CH-1211_20260618_163552_0731,2026-06-18T16:35:52.970385,BKR_CH-1211,Cedar Hollow 1211,ZONE_A,3,684,LLG,A,2,EPSS_CANDIDATE,0,False,,,1479.4,1639.3,1.67,True,False,1920.0,0.2661,NO OPERATION DETECTED,no_trip|llg_fault
RCL_CH-1211R1_20260618_163553_073,2026-06-18T16:35:53,RCL_CH-1211R1,Cedar Hollow 1211,ZONE_A,3,342,LLG,A,2,INDETERMINATE,1,False,22.66,1.36,1481.2,1670.3,1.67,True,False,3840.0,0.2891,INDETERMINATE (1 shot(s)),llg_fault
BKR_RG-2104_20260619_013342_0111,2026-06-19T01:33:42.992835,BKR_RG-2104,Ridgeline 2104,ZONE_B,2,465,SLG,C,2,EPSS_CANDIDATE,0,False,,,1710.2,1642.8,1.76,True,False,960.0,0.2656,NO OPERATION DETECTED,no_trip
RCL_RG-2104R1_20260619_013343_011,2026-06-19T01:33:43,RCL_RG-2104R1,Ridgeline 2104,ZONE_B,2,231,SLG,C,3,WSO_EXPOSED,1,False,19.79,1.19,1710.2,1682.2,1.78,True,False,1920.0,1.1026,SUCCESSFUL RECLOSE after 1 shot(s) (temporary fault),
RCL_RB-4411_20260619_043116_0751,2026-06-19T04:31:16.980351,RCL_RB-4411,Delta Flats 4411,ZONE_D,1,249,SLG,A,2,EPSS_CANDIDATE,0,False,,,1685.0,1643.6,5.05,True,False,1920.0,0.2911,NO OPERATION DETECTED,no_trip
RCL_RB-4411R1_20260619_043117_075,2026-06-19T04:31:17,RCL_RB-4411R1,Delta Flats 4411,ZONE_D,1,249,SLG,A,3,WSO_EXPOSED,1,False,28.13,1.69,1685.0,1667.3,5.05,True,False,1920.0,1.2948,SUCCESSFUL RECLOSE after 1 shot(s) (temporary fault),
BKR_VO-3301_20260620_040607_035,2026-06-20T04:06:07,BKR_VO-3301,Valley Oak 3301,ZONE_C,2,1100,SLG,C,1,PERMANENT,2,True,19.79,1.19,3465.0,3308.6,1.56,True,False,1920.0,1.7891,LOCKED OUT (permanent fault),lockout
RCL_VO-3305_20260620_043609_0121,2026-06-20T04:36:09.988270,RCL_VO-3305,Valley Oak 3305,ZONE_C,2,179,SLG,A,2,EPSS_CANDIDATE,0,False,,,2580.7,2552.8,2.01,True,False,1920.0,0.2854,NO OPERATION DETECTED,no_trip
RCL_VO-3305R1_20260620_043610_012,2026-06-20T04:36:10,RCL_VO-3305R1,Valley Oak 3305,ZONE_C,2,179,SLG,A,3,INDETERMINATE,1,False,30.21,1.81,2580.7,2568.8,2.01,True,False,1920.0,0.3182,INDETERMINATE (1 shot(s)),
RCL_RG-2104R1_20260620_152444_0131,2026-06-20T15:24:44.980265,RCL_RG-2104R1,Ridgeline 2104,ZONE_B,2,231,SLG,A,2,EPSS_CANDIDATE,0,False,,,1701.7,1674.1,1.81,True,False,1920.0,0.2651,NO OPERATION DETECTED,no_trip
RCL_RG-2104R2_20260620_152445_013,2026-06-20T15:24:45,RCL_RG-2104R2,Ridgeline 2104,ZONE_B,2,231,SLG,A,3,INDETERMINATE,1,False,18.75,1.12,1696.8,1679.4,1.8,True,False,960.0,0.2365,INDETERMINATE (1 shot(s)),
BKR_RB-4402_20260621_034818_111,2026-06-21T03:48:18,BKR_RB-4402,Riverbend 4402,ZONE_D,1,532,SLG,C,1,PERMANENT,2,True,37.5,2.25,2332.0,2267.0,3.57,True,False,960.0,1.1333,LOCKED OUT (permanent fault),lockout
RCL_CH-1215_20260621_091718_103,2026-06-21T09:17:18,RCL_CH-1215,Sawmill Grade 1215,ZONE_A,3,218,SLG,A,3,WSO_EXPOSED,1,False,22.92,1.37,3986.9,3963.1,0.77,True,False,1920.0,0.9,SUCCESSFUL RECLOSE after 1 shot(s) (temporary fault),
RCL_RB-4411R1_20260621_123238_093,2026-06-21T12:32:38,RCL_RB-4411R1,Delta Flats 4411,ZONE_D,1,249,SLG,C,2,EPSS_CANDIDATE,0,False,,,493.7,480.4,17.02,True,False,1920.0,0.3229,NO OPERATION DETECTED,no_trip
RCL_RB-4411_20260621_123238_0931,2026-06-21T12:32:38.027919,RCL_RB-4411,Delta Flats 4411,ZONE_D,1,249,SLG,C,2,EPSS_CANDIDATE,0,False,,,493.7,457.2,17.02,True,False,1920.0,0.274,NO OPERATION DETECTED,no_trip
RCL_VO-3305_20260622_022330_058,2026-06-22T02:23:30,RCL_VO-3305,Valley Oak 3305,ZONE_C,2,179,SLG,C,1,INDETERMINATE,1,False,313.54,18.81,3447.4,3422.6,1.48,True,False,1920.0,0.5208,INDETERMINATE (1 shot(s)),slow_trip
RCL_CH-1211R1_20260622_040540_113,2026-06-22T04:05:40,RCL_CH-1211R1,Cedar Hollow 1211,ZONE_A,3,342,SLG,C,2,EPSS_CANDIDATE,0,False,,,2080.4,2047.1,1.47,True,False,3840.0,0.3945,NO OPERATION DETECTED,no_trip
BKR_CH-1211_20260622_040540_1131,2026-06-22T04:05:40.001931,BKR_CH-1211,Cedar Hollow 1211,ZONE_A,3,684,SLG,C,2,EPSS_CANDIDATE,0,False,,,2080.4,1990.3,1.46,True,False,1920.0,0.2703,NO OPERATION DETECTED,no_trip
BKR_RG-2104_20260622_044143_090,2026-06-22T04:41:43,BKR_RG-2104,Ridgeline 2104,ZONE_B,2,465,3PH,A,1,INDETERMINATE,1,False,23.96,1.44,3628.7,0.0,1.26,True,False,960.0,0.3125,INDETERMINATE (1 shot(s)),3ph_fault
RCL_RB-4407R1_20260622_221201_067,2026-06-22T22:12:01,RCL_RB-4407R1,Riverbend 4407,ZONE_D,1,337,SLG,C,1,INDETERMINATE,1,False,279.69,16.78,54.8,49.9,153.4,False,True,1920.0,0.4849,INDETERMINATE (1 shot(s)),hif_suspect|slow_trip
BKR_RG-2104_20260623_080256_0081,2026-06-23T08:02:56.985084,BKR_RG-2104,Ridgeline 2104,ZONE_B,2,465,SLG,A,2,EPSS_CANDIDATE,0,False,,,2180.8,2120.5,1.4,True,False,960.0,0.2542,NO OPERATION DETECTED,no_trip
RCL_RG-2104R1_20260623_080257_008,2026-06-23T08:02:57,RCL_RG-2104R1,Ridgeline 2104,ZONE_B,2,231,SLG,A,1,PERMANENT,3,True,16.67,1.0,2187.0,2156.9,1.41,True,False,1920.0,3.0406,LOCKED OUT (permanent fault),lockout
RCL_RG-2106R1_20260623_080423_0083,2026-06-23T08:04:23.290751,RCL_RG-2106R1,Ridgeline 2106,ZONE_B,2,443,3PH,A,1,EPSS_CANDIDATE,0,False,,,142.4,0.0,179.23,False,False,1920.0,2.3208,NO OPERATION DETECTED,3ph_fault|no_trip
RCL_RG-2104R2_20260623_081547_098,2026-06-23T08:15:47,RCL_RG-2104R2,Ridgeline 2104,ZONE_B,2,231,SLG,C,3,WSO_EXPOSED,1,False,34.37,2.06,801.8,789.5,3.75,True,False,960.0,1.149,SUCCESSFUL RECLOSE after 1 shot(s) (temporary fault),
RCL_RG-2104R1_20260623_081547_0981,2026-06-23T08:15:47.017629,RCL_RG-2104R1,Ridgeline 2104,ZONE_B,2,231,SLG,C,2,EPSS_CANDIDATE,0,False,,,801.8,771.7,3.79,True,False,1920.0,0.4031,NO OPERATION DETECTED,no_trip
RCL_CH-1212_20260624_113349_065,2026-06-24T11:33:49,RCL_CH-1212,Cedar Hollow 1212,ZONE_A,3,436,SLG,C,2,WSO_EXPOSED,2,False,17.71,1.06,805.7,757.0,3.74,True,False,960.0,3.5562,SUCCESSFUL RECLOSE after 2 shot(s) (temporary fault),multiple_shots
RCL_VO-3301R1_20260624_190538_037,2026-06-24T19:05:38,RCL_VO-3301R1,Valley Oak 3301,ZONE_C,2,550,3PH,A,1,WSO_EXPOSED,1,False,36.46,2.19,2953.4,0.0,2.63,True,False,1920.0,1.4578,SUCCESSFUL RECLOSE after 1 shot(s) (temporary fault),3ph_fault
BKR_VO-3301_20260624_190538_0371,2026-06-24T19:05:38.017988,BKR_VO-3301,Valley Oak 3301,ZONE_C,2,1100,3PH,A,1,EPSS_CANDIDATE,0,False,,,2953.4,0.0,2.63,True,False,1920.0,0.3417,NO OPERATION DETECTED,3ph_fault|no_trip
RCL_CH-1215_20260625_025410_049,2026-06-25T02:54:10,RCL_CH-1215,Sawmill Grade 1215,ZONE_A,3,218,SLG,B,3,WSO_EXPOSED,1,False,18.23,1.09,1401.8,1377.1,2.24,True,False,1920.0,1.088,SUCCESSFUL RECLOSE after 1 shot(s) (temporary fault),
RCL_RG-2106R1_20260625_181306_068,2026-06-25T18:13:06,RCL_RG-2106R1,Ridgeline 2106,ZONE_B,2,443,3PH,A,1,INDETERMINATE,1,False,38.54,2.31,1022.9,0.0,4.51,True,False,1920.0,0.3193,INDETERMINATE (1 shot(s)),3ph_fault
RCL_RG-2106_20260625_181306_0681,2026-06-25T18:13:06.002492,RCL_RG-2106,Ridgeline 2106,ZONE_B,2,442,3PH,A,1,EPSS_CANDIDATE,0,False,,,1022.9,0.0,4.51,True,False,1920.0,0.4026,NO OPERATION DETECTED,3ph_fault|no_trip
RCL_VO-3305_20260626_101709_060,2026-06-26T10:17:09,RCL_VO-3305,Valley Oak 3305,ZONE_C,2,179,SLG,B,3,WSO_EXPOSED,1,False,26.56,1.59,513.0,490.2,10.19,True,False,1920.0,1.0182,SUCCESSFUL RECLOSE after 1 shot(s) (temporary fault),
BKR_VO-3301_20260626_214618_020,2026-06-26T21:46:18,BKR_VO-3301,Valley Oak 3301,ZONE_C,2,1100,LLG,A,1,INDETERMINATE,1,False,400.0,24.0,2417.1,2676.0,1.72,True,False,1920.0,0.6135,INDETERMINATE (1 shot(s)),slow_trip|llg_fault
BKR_RB-4402_20260628_003109_0812,2026-06-28T00:31:09.992450,BKR_RB-4402,Riverbend 4402,ZONE_D,1,532,SLG,A,2,EPSS_CANDIDATE,0,False,,,1127.7,1051.3,7.49,True,False,960.0,0.349,NO OPERATION DETECTED,no_trip
RCL_RB-4402R2_20260628_003110_081,2026-06-28T00:31:10,RCL_RB-4402R2,Riverbend 4402,ZONE_D,1,266,SLG,A,3,WSO_EXPOSED,1,False,22.92,1.37,1130.9,1112.1,7.52,True,False,1920.0,1.1802,SUCCESSFUL RECLOSE after 1 shot(s) (temporary fault),
RCL_RB-4402R1_20260628_003110_0811,2026-06-28T00:31:10.010006,RCL_RB-4402R1,Riverbend 4402,ZONE_D,1,266,SLG,A,2,EPSS_CANDIDATE,0,False,,,1130.9,1095.1,7.52,True,False,1920.0,0.3859,NO OPERATION DETECTED,no_trip
RCL_CH-1212_20260628_202157_100,2026-06-28T20:21:57,RCL_CH-1212,Cedar Hollow 1212,ZONE_A,3,436,SLG,B,3,WSO_EXPOSED,1,False,28.13,1.69,2490.0,2434.9,1.26,True,False,960.0,1.501,SUCCESSFUL RECLOSE after 1 shot(s) (temporary fault),
RCL_CH-1212R1_20260629_193014_096,2026-06-29T19:30:14,RCL_CH-1212R1,Cedar Hollow 1212,ZONE_A,3,436,SLG,A,1,PERMANENT,2,True,38.8,2.33,1050.0,1015.3,2.94,True,False,3840.0,1.2503,LOCKED OUT (permanent fault),lockout
RCL_CH-1211R1_20260630_203049_0691,2026-06-30T20:30:49.997805,RCL_CH-1211R1,Cedar Hollow 1211,ZONE_A,3,342,SLG,C,2,EPSS_CANDIDATE,0,False,,,1222.9,1174.8,2.5,True,False,3840.0,0.4026,NO OPERATION DETECTED,no_trip
RCL_CH-1211R2_20260630_203050_069,2026-06-30T20:30:50,RCL_CH-1211R2,Cedar Hollow 1211,ZONE_A,3,342,SLG,C,3,WSO_EXPOSED,1,False,34.37,2.06,1222.9,1202.5,2.46,True,False,960.0,1.3146,SUCCESSFUL RECLOSE after 1 shot(s) (temporary fault),
BKR_RB-4402_20260630_235852_0801,2026-06-30T23:58:52.998252,BKR_RB-4402,Riverbend 4402,ZONE_D,1,532,SLG,C,2,EPSS_CANDIDATE,0,False,,,2352.5,2301.2,3.54,True,False,960.0,0.4198,NO OPERATION DETECTED,no_trip
RCL_RB-4402R1_20260630_235853_080,2026-06-30T23:58:53,RCL_RB-4402R1,Riverbend 4402,ZONE_D,1,266,SLG,C,3,WSO_EXPOSED,1,False,24.48,1.47,2352.5,2323.0,3.57,True,False,1920.0,1.0026,SUCCESSFUL RECLOSE after 1 shot(s) (temporary fault),
BKR_RB-4402_20260701_194535_0551,2026-07-01T19:45:35.970789,BKR_RB-4402,Riverbend 4402,ZONE_D,1,532,SLG,B,2,EPSS_CANDIDATE,0,False,,,2061.5,1990.2,4.16,True,False,960.0,0.4177,NO OPERATION DETECTED,no_trip
RCL_RB-4402R1_20260701_194536_055,2026-07-01T19:45:36,RCL_RB-4402R1,Riverbend 4402,ZONE_D,1,266,SLG,B,3,INDETERMINATE,1,False,22.4,1.34,2069.7,2041.2,4.2,True,False,1920.0,0.2005,INDETERMINATE (1 shot(s)),
RCL_VO-3308_20260701_234134_0261,2026-07-01T23:41:34.986606,RCL_VO-3308,Almond Row 3308,ZONE_C,2,400,LLG,A,2,EPSS_CANDIDATE,0,False,,,1502.4,1694.8,2.76,True,False,1920.0,0.3526,NO OPERATION DETECTED,no_trip|llg_fault
RCL_VO-3308R1_20260701_234135_026,2026-07-01T23:41:35,RCL_VO-3308R1,Almond Row 3308,ZONE_C,2,401,LLG,A,2,WSO_EXPOSED,1,False,22.92,1.37,1502.4,1708.6,2.76,True,False,1920.0,1.4625,SUCCESSFUL RECLOSE after 1 shot(s) (temporary fault),llg_fault
RCL_VO-3308_20260702_165350_047,2026-07-02T16:53:50,RCL_VO-3308,Almond Row 3308,ZONE_C,2,400,SLG,B,3,WSO_EXPOSED,1,False,27.08,1.63,1685.9,1632.7,3.12,True,False,1920.0,1.0656,SUCCESSFUL RECLOSE after 1 shot(s) (temporary fault),
RCL_RB-4407R1_20260704_122633_079,2026-07-04T12:26:33,RCL_RB-4407R1,Riverbend 4407,ZONE_D,1,337,SLG,C,1,PERMANENT,3,True,39.06,2.34,2497.3,2476.1,3.55,True,False,1920.0,3.2458,LOCKED OUT (permanent fault),lockout
RCL_RB-4407_20260704_122633_0791,2026-07-04T12:26:33.020134,RCL_RB-4407,Riverbend 4407,ZONE_D,1,337,SLG,C,2,EPSS_CANDIDATE,0,False,,,2366.1,2326.9,3.55,True,False,1920.0,0.3385,NO OPERATION DETECTED,no_trip
BKR_RG-2104_20260704_180248_089,2026-07-04T18:02:48,BKR_RG-2104,Ridgeline 2104,ZONE_B,2,465,SLG,C,1,INDETERMINATE,1,False,413.54,24.81,56.4,50.9,53.31,False,True,960.0,0.7552,INDETERMINATE (1 shot(s)),hif_suspect|slow_trip
RCL_VO-3305R1_20260706_035149_017,2026-07-06T03:51:49,RCL_VO-3305R1,Valley Oak 3305,ZONE_C,2,179,SLG,C,3,INDETERMINATE,1,False,33.85,2.03,2461.5,2451.1,2.08,True,False,1920.0,0.3286,INDETERMINATE (1 shot(s)),
RCL_VO-3305_20260706_035149_0171,2026-07-06T03:51:49.001607,RCL_VO-3305,Valley Oak 3305,ZONE_C,2,179,SLG,C,2,EPSS_CANDIDATE,0,False,,,2461.5,2441.0,2.08,True,False,1920.0,0.3292,NO OPERATION DETECTED,no_trip
RCL_VO-3308R1_20260706_095644_014,2026-07-06T09:56:44,RCL_VO-3308R1,Almond Row 3308,ZONE_C,2,401,SLG,C,2,WSO_EXPOSED,2,False,26.56,1.59,1795.6,1767.2,2.85,True,False,1920.0,3.9516,SUCCESSFUL RECLOSE after 2 shot(s) (temporary fault),multiple_shots
RCL_VO-3308_20260706_095644_0141,2026-07-06T09:56:44.008365,RCL_VO-3308,Almond Row 3308,ZONE_C,2,400,SLG,C,2,EPSS_CANDIDATE,0,False,,,1795.6,1744.5,2.85,True,False,1920.0,0.2625,NO OPERATION DETECTED,no_trip
RCL_RB-4402R2_20260706_130938_105,2026-07-06T13:09:38,RCL_RB-4402R2,Riverbend 4402,ZONE_D,1,266,SLG,C,2,WSO_EXPOSED,2,False,19.27,1.16,1556.1,1540.7,5.46,True,False,1920.0,1.426,INDETERMINATE (2 shot(s)),multiple_shots
RCL_RB-4402R1_20260706_130938_1051,2026-07-06T13:09:38.009289,RCL_RB-4402R1,Riverbend 4402,ZONE_D,1,266,SLG,C,2,EPSS_CANDIDATE,0,False,,,1538.8,1501.8,5.46,True,False,1920.0,0.3307,NO OPERATION DETECTED,no_trip
BKR_RB-4402_20260706_130938_1052,2026-07-06T13:09:38.014540,BKR_RB-4402,Riverbend 4402,ZONE_D,1,532,SLG,C,2,EPSS_CANDIDATE,0,False,,,1538.8,1468.5,5.41,True,False,960.0,0.2385,NO OPERATION DETECTED,no_trip
RCL_VO-3301R2_20260707_115801_030,2026-07-07T11:58:01,RCL_VO-3301R2,Valley Oak 3301,ZONE_C,2,550,3PH,A,1,INDETERMINATE,1,False,28.13,1.69,2532.2,0.0,3.03,True,False,960.0,0.2333,INDETERMINATE (1 shot(s)),3ph_fault
RCL_VO-3301R1_20260707_115801_0301,2026-07-07T11:58:01.003683,RCL_VO-3301R1,Valley Oak 3301,ZONE_C,2,550,3PH,A,1,EPSS_CANDIDATE,0,False,,,2550.2,0.0,3.04,True,False,1920.0,0.3974,NO OPERATION DETECTED,3ph_fault|no_trip
RCL_VO-3301R2_20260709_135312_057,2026-07-09T13:53:12,RCL_VO-3301R2,Valley Oak 3301,ZONE_C,2,550,SLG,A,3,WSO_EXPOSED,1,False,25.0,1.5,2555.6,2514.8,2.01,True,False,960.0,1.276,SUCCESSFUL RECLOSE after 1 shot(s) (temporary fault),
BKR_VO-3301_20260709_135312_0572,2026-07-09T13:53:12.006243,BKR_VO-3301,Valley Oak 3301,ZONE_C,2,1100,SLG,A,2,EPSS_CANDIDATE,0,False,,,2562.9,2402.5,2.02,True,False,1920.0,0.3865,NO OPERATION DETECTED,no_trip
RCL_VO-3301R1_20260709_135312_0571,2026-07-09T13:53:12.010540,RCL_VO-3301R1,Valley Oak 3301,ZONE_C,2,550,SLG,A,2,EPSS_CANDIDATE,0,False,,,2562.9,2502.2,2.02,True,False,1920.0,0.4208,NO OPERATION DETECTED,no_trip
RCL_RG-2104R2_20260710_065056_007,2026-07-10T06:50:56,RCL_RG-2104R2,Ridgeline 2104,ZONE_B,2,231,SLG,B,3,WSO_EXPOSED,1,False,18.75,1.12,1403.3,1389.3,2.24,True,False,960.0,1.4875,SUCCESSFUL RECLOSE after 1 shot(s) (temporary fault),
RCL_RG-2104R1_20260710_065056_0071,2026-07-10T06:50:56.013202,RCL_RG-2104R1,Ridgeline 2104,ZONE_B,2,231,SLG,B,2,EPSS_CANDIDATE,0,False,,,1408.9,1378.9,2.23,True,False,1920.0,0.2635,NO OPERATION DETECTED,no_trip
BKR_VO-3301_20260710_100943_031,2026-07-10T10:09:43,BKR_VO-3301,Valley Oak 3301,ZONE_C,2,1100,LL,B,1,PERMANENT,3,True,22.4,1.34,2958.2,147.8,8.96,True,False,1920.0,2.938,LOCKED OUT (permanent fault),lockout
RCL_VO-3305R1_20260710_101035_0312,2026-07-10T10:10:35.773047,RCL_VO-3305R1,Valley Oak 3305,ZONE_C,2,179,3PH,A,1,EPSS_CANDIDATE,0,False,,,383.9,0.0,112.03,False,False,1920.0,2.4271,NO OPERATION DETECTED,3ph_fault|no_trip
RCL_CH-1211R1_20260711_031948_097,2026-07-11T03:19:48,RCL_CH-1211R1,Cedar Hollow 1211,ZONE_A,3,342,LL,A,3,WSO_EXPOSED,1,False,34.11,2.05,1144.4,41.2,13.64,True,False,3840.0,1.2326,SUCCESSFUL RECLOSE after 1 shot(s) (temporary fault),
BKR_CH-1211_20260711_031948_0971,2026-07-11T03:19:48.003822,BKR_CH-1211,Cedar Hollow 1211,ZONE_A,3,684,LL,A,2,EPSS_CANDIDATE,0,False,,,1144.4,108.3,13.61,True,False,1920.0,0.3625,NO OPERATION DETECTED,no_trip
RCL_CH-1215_20260711_062552_087,2026-07-11T06:25:52,RCL_CH-1215,Sawmill Grade 1215,ZONE_A,3,218,LL,B,2,WSO_EXPOSED,2,False,16.67,1.0,1479.1,31.8,10.52,True,False,1920.0,3.7781,SUCCESSFUL RECLOSE after 2 shot(s) (temporary fault),multiple_shots
RCL_CH-1215_20260711_071553_0271,2026-07-11T07:15:53.995779,RCL_CH-1215,Sawmill Grade 1215,ZONE_A,3,218,LL,A,2,EPSS_CANDIDATE,0,False,,,1814.0,29.0,8.58,True,False,1920.0,0.6234,NO OPERATION DETECTED,no_trip
RCL_CH-1215R1_20260711_071554_027,2026-07-11T07:15:54,RCL_CH-1215R1,Sawmill Grade 1215,ZONE_A,3,217,LL,A,1,INDETERMINATE,1,False,263.54,15.81,1814.0,13.0,8.61,True,False,3840.0,0.4466,INDETERMINATE (1 shot(s)),slow_trip
RCL_VO-3301R1_20260712_034619_044,2026-07-12T03:46:19,RCL_VO-3301R1,Valley Oak 3301,ZONE_C,2,550,SLG,A,2,WSO_EXPOSED,2,False,33.85,2.03,2528.4,2442.8,2.05,True,False,1920.0,3.287,SUCCESSFUL RECLOSE after 2 shot(s) (temporary fault),multiple_shots
BKR_VO-3301_20260712_034619_0441,2026-07-12T03:46:19.013746,BKR_VO-3301,Valley Oak 3301,ZONE_C,2,1100,SLG,A,2,EPSS_CANDIDATE,0,False,,,2528.4,2407.7,2.05,True,False,1920.0,0.2578,NO OPERATION DETECTED,no_trip
RCL_RG-2112_20260712_045429_066,2026-07-12T04:54:29,RCL_RG-2112,Summit Tap 2112,ZONE_B,2,882,SLG,A,2,EPSS_CANDIDATE,0,False,,,1963.7,1900.1,1.57,True,False,1920.0,0.3411,NO OPERATION DETECTED,no_trip
RCL_RG-2110_20260712_055405_0381,2026-07-12T05:54:05.992106,RCL_RG-2110,Bear Gulch 2110,ZONE_B,2,287,SLG,C,2,EPSS_CANDIDATE,0,False,,,539.8,511.3,5.63,True,False,1920.0,0.225,NO OPERATION DETECTED,no_trip
RCL_RG-2110R1_20260712_055406_038,2026-07-12T05:54:06,RCL_RG-2110R1,Bear Gulch 2110,ZONE_B,2,287,SLG,C,3,WSO_EXPOSED,1,False,16.67,1.0,539.8,521.8,5.57,True,False,960.0,1.4937,SUCCESSFUL RECLOSE after 1 shot(s) (temporary fault),
RCL_RB-4402R1_20260712_071500_025,2026-07-12T07:15:00,RCL_RB-4402R1,Riverbend 4402,ZONE_D,1,266,SLG,A,3,WSO_EXPOSED,1,False,17.71,1.06,1106.8,1076.0,7.68,True,False,1920.0,0.9547,SUCCESSFUL RECLOSE after 1 shot(s) (temporary fault),
BKR_RB-4402_20260712_071500_0251,2026-07-12T07:15:00.005785,BKR_RB-4402,Riverbend 4402,ZONE_D,1,532,SLG,A,2,EPSS_CANDIDATE,0,False,,,1103.7,1037.5,7.65,True,False,960.0,0.3396,NO OPERATION DETECTED,no_trip
RCL_RB-4407_20260712_080131_040,2026-07-12T08:01:31,RCL_RB-4407,Riverbend 4407,ZONE_D,1,337,SLG,C,3,INDETERMINATE,1,False,17.19,1.03,1002.7,958.1,8.38,True,False,1920.0,0.2219,INDETERMINATE (1 shot(s)),
RCL_RB-4407R1_20260713_082701_072,2026-07-13T08:27:01,RCL_RB-4407R1,Riverbend 4407,ZONE_D,1,337,SLG,B,2,WSO_EXPOSED,2,False,31.25,1.88,721.6,702.5,11.97,True,False,1920.0,1.5047,INDETERMINATE (2 shot(s)),multiple_shots
RCL_RB-4407_20260713_082701_0721,2026-07-13T08:27:01.024802,RCL_RB-4407,Riverbend 4407,ZONE_D,1,337,SLG,B,3,INDETERMINATE,1,False,14.06,0.84,721.6,668.5,10.62,True,False,1920.0,0.2745,INDETERMINATE (1 shot(s)),
RCL_RB-4407_20260714_183023_0321,2026-07-14T18:30:23.993924,RCL_RB-4407,Riverbend 4407,ZONE_D,1,337,SLG,A,3,WSO_EXPOSED,1,False,17.71,1.06,1118.3,1080.1,7.6,True,False,1920.0,1.562,SUCCESSFUL RECLOSE after 1 shot(s) (temporary fault),
RCL_RB-4407R1_20260714_183024_032,2026-07-14T18:30:24,RCL_RB-4407R1,Riverbend 4407,ZONE_D,1,337,SLG,A,3,WSO_EXPOSED,1,False,30.21,1.81,1118.3,1094.0,7.6,True,False,1920.0,1.0875,SUCCESSFUL RECLOSE after 1 shot(s) (temporary fault),
RCL_CH-1212R1_20260716_060748_083,2026-07-16T06:07:48,RCL_CH-1212R1,Cedar Hollow 1212,ZONE_A,3,436,SLG,B,3,WSO_EXPOSED,1,False,19.01,1.14,2253.7,2218.9,1.39,True,False,3840.0,1.3122,SUCCESSFUL RECLOSE after 1 shot(s) (temporary fault),
BKR_VO-3301_20260716_092548_0191,2026-07-16T09:25:48.991388,BKR_VO-3301,Valley Oak 3301,ZONE_C,2,1100,SLG,B,2,EPSS_CANDIDATE,0,False,,,2345.0,2223.3,2.21,True,False,1920.0,0.6,NO OPERATION DETECTED,no_trip
RCL_VO-3301R1_20260716_092549_019,2026-07-16T09:25:49,RCL_VO-3301R1,Valley Oak 3301,ZONE_C,2,550,SLG,B,1,INDETERMINATE,1,False,261.46,15.69,2345.0,2269.4,2.24,True,False,1920.0,0.4844,INDETERMINATE (1 shot(s)),slow_trip
RCL_RB-4411R1_20260716_171348_085,2026-07-16T17:13:48,RCL_RB-4411R1,Delta Flats 4411,ZONE_D,1,249,LLG,A,2,WSO_EXPOSED,1,False,19.27,1.16,1891.8,2169.3,3.6,True,False,1920.0,1.5203,SUCCESSFUL RECLOSE after 1 shot(s) (temporary fault),llg_fault
BKR_RB-4402_20260717_004738_005,2026-07-17T00:47:38,BKR_RB-4402,Riverbend 4402,ZONE_D,1,532,SLG,C,3,WSO_EXPOSED,1,False,40.62,2.44,1656.5,1584.0,5.03,True,False,960.0,1.3708,SUCCESSFUL RECLOSE after 1 shot(s) (temporary fault),
RCL_RB-4411_20260717_052628_0281,2026-07-17T05:26:28.993164,RCL_RB-4411,Delta Flats 4411,ZONE_D,1,249,3PH,A,1,EPSS_CANDIDATE,0,False,,,2770.5,0.0,4.6,True,False,1920.0,0.2417,NO OPERATION DETECTED,3ph_fault|no_trip
RCL_RB-4411R1_20260717_052629_028,2026-07-17T05:26:29,RCL_RB-4411R1,Delta Flats 4411,ZONE_D,1,249,3PH,A,1,INDETERMINATE,1,False,39.58,2.37,2770.5,0.0,4.6,True,False,1920.0,0.2714,INDETERMINATE (1 shot(s)),3ph_fault
RCL_RG-2110_20260717_190215_009,2026-07-17T19:02:15,RCL_RG-2110,Bear Gulch 2110,ZONE_B,2,287,SLG,C,1,INDETERMINATE,1,False,385.94,23.16,52.9,48.9,57.45,False,True,1920.0,0.6057,INDETERMINATE (1 shot(s)),hif_suspect|slow_trip
RCL_CH-1215R1_20260717_194725_086,2026-07-17T19:47:25,RCL_CH-1215R1,Sawmill Grade 1215,ZONE_A,3,217,SLG,A,3,WSO_EXPOSED,1,False,17.97,1.08,1608.1,1591.5,1.92,True,False,3840.0,1.1622,SUCCESSFUL RECLOSE after 1 shot(s) (temporary fault),
RCL_CH-1215_20260717_194725_0861,2026-07-17T19:47:25.027152,RCL_CH-1215,Sawmill Grade 1215,ZONE_A,3,218,SLG,A,2,EPSS_CANDIDATE,0,False,,,1605.6,1572.2,1.91,True,False,1920.0,0.3396,NO OPERATION DETECTED,no_trip
RCL_VO-3308_20260718_183336_0021,2026-07-18T18:33:36.986259,RCL_VO-3308,Almond Row 3308,ZONE_C,2,400,SLG,B,2,EPSS_CANDIDATE,0,False,,,1651.5,1589.4,3.16,True,False,1920.0,0.3953,NO OPERATION DETECTED,no_trip
RCL_VO-3308R1_20260718_183337_002,2026-07-18T18:33:37,RCL_VO-3308R1,Almond Row 3308,ZONE_C,2,401,SLG,B,3,WSO_EXPOSED,1,False,40.1,2.41,1651.5,1622.8,3.2,True,False,1920.0,1.2974,SUCCESSFUL RECLOSE after 1 shot(s) (temporary fault),
RCL_CH-1215R1_20260719_014900_006,2026-07-19T01:49:00,RCL_CH-1215R1,Sawmill Grade 1215,ZONE_A,3,217,SLG,B,1,PERMANENT,2,True,37.5,2.25,1442.9,1430.3,2.29,True,False,3840.0,1.8495,LOCKED OUT (permanent fault),lockout
RCL_RG-2110R1_20260719_015046_0062,2026-07-19T01:50:46.522248,RCL_RG-2110R1,Bear Gulch 2110,ZONE_B,2,287,3PH,C,1,EPSS_CANDIDATE,0,False,,,78.1,0.0,326.75,False,True,960.0,2.8573,NO OPERATION DETECTED,hif_suspect|3ph_fault|no_trip
RCL_CH-1211R2_20260719_105031_045,2026-07-19T10:50:31,RCL_CH-1211R2,Cedar Hollow 1211,ZONE_A,3,342,SLG,B,3,INDETERMINATE,1,False,27.08,1.62,1063.6,1043.9,2.95,True,False,960.0,0.2573,INDETERMINATE (1 shot(s)),
RCL_CH-1211R1_20260719_105031_0451,2026-07-19T10:50:31.025394,RCL_CH-1211R1,Cedar Hollow 1211,ZONE_A,3,342,SLG,B,3,WSO_EXPOSED,1,False,30.47,1.83,1069.2,1030.3,2.91,True,False,3840.0,1.6268,SUCCESSFUL RECLOSE after 1 shot(s) (temporary fault),
BKR_RB-4402_20260719_132026_1012,2026-07-19T13:20:26.982419,BKR_RB-4402,Riverbend 4402,ZONE_D,1,532,SLG,C,2,EPSS_CANDIDATE,0,False,,,1037.1,960.2,8.03,True,False,960.0,0.2531,NO OPERATION DETECTED,no_trip
RCL_RB-4402R2_20260719_132027_101,2026-07-19T13:20:27,RCL_RB-4402R2,Riverbend 4402,ZONE_D,1,266,SLG,C,3,INDETERMINATE,1,False,18.23,1.09,1037.1,1021.9,8.1,True,False,1920.0,0.2693,INDETERMINATE (1 shot(s)),
RCL_RB-4402R1_20260719_132027_1011,2026-07-19T13:20:27.023963,RCL_RB-4402R1,Riverbend 4402,ZONE_D,1,266,SLG,C,2,EPSS_CANDIDATE,0,False,,,1037.1,999.4,8.1,True,False,1920.0,0.3193,NO OPERATION DETECTED,no_trip
BKR_RG-2104_20260720_115512_109,2026-07-20T11:55:12,BKR_RG-2104,Ridgeline 2104,ZONE_B,2,465,LL,A,2,WSO_EXPOSED,2,False,38.54,2.31,2680.6,51.0,5.72,True,False,960.0,3.5312,SUCCESSFUL RECLOSE after 2 shot(s) (temporary fault),multiple_shots
RCL_RB-4411R1_20260720_172622_082,2026-07-20T17:26:22,RCL_RB-4411R1,Delta Flats 4411,ZONE_D,1,249,SLG,A,2,WSO_EXPOSED,2,False,37.5,2.25,2543.4,2523.7,3.34,True,False,1920.0,1.4578,INDETERMINATE (2 shot(s)),multiple_shots
RCL_RB-4411_20260720_172622_0821,2026-07-20T17:26:22.025711,RCL_RB-4411,Delta Flats 4411,ZONE_D,1,249,SLG,A,2,EPSS_CANDIDATE,0,False,,,2543.4,2512.8,3.34,True,False,1920.0,0.2583,NO OPERATION DETECTED,no_trip
RCL_RB-4411_20260722_125517_0641,2026-07-22T12:55:17.977137,RCL_RB-4411,Delta Flats 4411,ZONE_D,1,249,SLG,A,2,EPSS_CANDIDATE,0,False,,,1306.8,1275.6,6.51,True,False,1920.0,0.7875,NO OPERATION DETECTED,no_trip
RCL_RB-4411R1_20260722_125518_064,2026-07-22T12:55:18,RCL_RB-4411R1,Delta Flats 4411,ZONE_D,1,249,SLG,A,1,INDETERMINATE,1,False,394.27,23.66,1306.8,1292.8,6.51,True,False,1920.0,0.5943,INDETERMINATE (1 shot(s)),slow_trip
BKR_VO-3301_20260724_134548_094,2026-07-24T13:45:48,BKR_VO-3301,Valley Oak 3301,ZONE_C,2,1100,LL,B,2,WSO_EXPOSED,2,False,28.65,1.72,2437.3,157.5,10.61,True,False,1920.0,3.2339,SUCCESSFUL RECLOSE after 2 shot(s) (temporary fault),multiple_shots
RCL_VO-3305_20260724_172726_070,2026-07-24T17:27:26,RCL_VO-3305,Valley Oak 3305,ZONE_C,2,179,SLG,A,1,INDETERMINATE,1,False,246.88,14.81,825.3,801.3,6.27,True,False,1920.0,0.4984,INDETERMINATE (1 shot(s)),slow_trip
RCL_RB-4407R1_20260724_184849_074,2026-07-24T18:48:49,RCL_RB-4407R1,Riverbend 4407,ZONE_D,1,337,LL,A,1,PERMANENT,3,True,21.88,1.31,2225.5,25.3,19.36,True,False,1920.0,3.5177,LOCKED OUT (permanent fault),lockout
RCL_RB-4407_20260724_184849_0741,2026-07-24T18:48:49.020565,RCL_RB-4407,Riverbend 4407,ZONE_D,1,337,LL,A,2,EPSS_CANDIDATE,0,False,,,2225.5,46.4,19.36,True,False,1920.0,0.3484,NO OPERATION DETECTED,no_trip
RCL_RB-4402R1_20260724_214233_0361,2026-07-24T21:42:33.978682,RCL_RB-4402R1,Riverbend 4402,ZONE_D,1,266,LLG,A,2,EPSS_CANDIDATE,0,False,,,1233.0,1405.6,5.53,True,False,1920.0,0.5062,NO OPERATION DETECTED,no_trip|llg_fault
RCL_RB-4402R2_20260724_214234_036,2026-07-24T21:42:34,RCL_RB-4402R2,Riverbend 4402,ZONE_D,1,266,LLG,A,1,INDETERMINATE,1,False,264.58,15.87,1233.0,1411.1,5.53,True,False,1920.0,0.4453,INDETERMINATE (1 shot(s)),slow_trip|llg_fault
BKR_RB-4402_20260724_214234_0362,2026-07-24T21:42:34.016964,BKR_RB-4402,Riverbend 4402,ZONE_D,1,532,LLG,A,2,EPSS_CANDIDATE,0,False,,,1233.0,1378.9,5.51,True,False,960.0,0.6542,NO OPERATION DETECTED,no_trip|llg_fault
RCL_RG-2106R1_20260726_025227_108,2026-07-26T02:52:27,RCL_RG-2106R1,Ridgeline 2106,ZONE_B,2,443,LL,A,1,PERMANENT,2,True,32.81,1.97,2302.1,29.1,6.76,True,False,1920.0,1.0167,LOCKED OUT (permanent fault),lockout
RCL_RG-2106_20260726_025227_1081,2026-07-26T02:52:27.021449,RCL_RG-2106,Ridgeline 2106,ZONE_B,2,442,LL,A,2,EPSS_CANDIDATE,0,False,,,2302.1,55.5,6.76,True,False,1920.0,0.3724,NO OPERATION DETECTED,no_trip
RCL_CH-1215_20260726_231113_1071,2026-07-26T23:11:13.975324,RCL_CH-1215,Sawmill Grade 1215,ZONE_A,3,218,SLG,C,2,EPSS_CANDIDATE,0,False,,,888.8,863.8,3.42,True,False,1920.0,0.3583,NO OPERATION DETECTED,no_trip
RCL_CH-1215R1_20260726_231114_107,2026-07-26T23:11:14,RCL_CH-1215R1,Sawmill Grade 1215,ZONE_A,3,217,SLG,C,3,INDETERMINATE,1,False,16.67,1.0,888.8,873.1,3.43,True,False,3840.0,0.2497,INDETERMINATE (1 shot(s)),
BKR_CH-1211_20260728_175530_050,2026-07-28T17:55:30,BKR_CH-1211,Cedar Hollow 1211,ZONE_A,3,684,SLG,B,3,INDETERMINATE,1,False,16.15,0.97,2237.7,2166.2,1.37,True,False,1920.0,0.2922,INDETERMINATE (1 shot(s)),
RCL_CH-1211R2_20260728_235810_104,2026-07-28T23:58:10,RCL_CH-1211R2,Cedar Hollow 1211,ZONE_A,3,342,SLG,B,1,INDETERMINATE,1,False,257.29,15.44,67.9,61.6,44.62,False,True,960.0,0.5594,INDETERMINATE (1 shot(s)),hif_suspect|slow_trip
RCL_CH-1211R1_20260729_015554_088,2026-07-29T01:55:54,RCL_CH-1211R1,Cedar Hollow 1211,ZONE_A,3,342,SLG,A,3,WSO_EXPOSED,1,False,34.11,2.05,2128.9,2074.7,1.45,True,False,3840.0,1.6711,SUCCESSFUL RECLOSE after 1 shot(s) (temporary fault),
RCL_VO-3305_20260729_174458_059,2026-07-29T17:44:58,RCL_VO-3305,Valley Oak 3305,ZONE_C,2,179,SLG,C,2,WSO_EXPOSED,2,False,21.88,1.31,2412.8,2392.6,2.35,True,False,1920.0,1.2615,INDETERMINATE (2 shot(s)),multiple_shots
RCL_VO-3305_20260730_140620_114,2026-07-30T14:06:20,RCL_VO-3305,Valley Oak 3305,ZONE_C,2,179,SLG,C,3,WSO_EXPOSED,1,False,31.25,1.88,3189.6,3166.4,1.6,True,False,1920.0,0.9953,SUCCESSFUL RECLOSE after 1 shot(s) (temporary fault),
RCL_RB-4407_20260731_003343_039,2026-07-31T00:33:43,RCL_RB-4407,Riverbend 4407,ZONE_D,1,337,SLG,B,1,PERMANENT,2,True,20.83,1.25,1646.3,1603.4,5.44,True,False,1920.0,1.525,LOCKED OUT (permanent fault),lockout
BKR_VO-3301_20260731_045156_0482,2026-07-31T04:51:56.973860,BKR_VO-3301,Valley Oak 3301,ZONE_C,2,1100,LLG,A,2,EPSS_CANDIDATE,0,False,,,2315.9,2608.8,1.79,True,False,1920.0,0.263,NO OPERATION DETECTED,no_trip|llg_fault
RCL_VO-3301R2_20260731_045157_048,2026-07-31T04:51:57,RCL_VO-3301R2,Valley Oak 3301,ZONE_C,2,550,LLG,A,1,PERMANENT,3,True,26.04,1.56,2315.8,2618.1,1.78,True,False,960.0,3.1604,LOCKED OUT (permanent fault),lockout|llg_fault
RCL_VO-3301R1_20260731_045157_0481,2026-07-31T04:51:57.013449,RCL_VO-3301R1,Valley Oak 3301,ZONE_C,2,550,LLG,A,2,EPSS_CANDIDATE,0,False,,,2315.9,2638.4,1.79,True,False,1920.0,0.4193,NO OPERATION DETECTED,no_trip|llg_fault
BKR_RG-2104_20260731_121028_0511,2026-07-31T12:10:28.973793,BKR_RG-2104,Ridgeline 2104,ZONE_B,2,465,3PH,A,1,EPSS_CANDIDATE,0,False,,,1545.6,0.0,2.95,True,False,960.0,0.4062,NO OPERATION DETECTED,3ph_fault|no_trip
RCL_RG-2104R1_20260731_121029_051,2026-07-31T12:10:29,RCL_RG-2104R1,Ridgeline 2104,ZONE_B,2,231,3PH,A,1,PERMANENT,2,True,18.23,1.09,1556.6,0.0,2.96,True,False,1920.0,1.7776,LOCKED OUT (permanent fault),lockout|3ph_fault
RCL_RG-2106R1_20260731_121136_0513,2026-07-31T12:11:36.148997,RCL_RG-2106R1,Ridgeline 2106,ZONE_B,2,443,3PH,A,1,EPSS_CANDIDATE,0,False,,,118.4,0.0,215.46,False,False,1920.0,2.9505,NO OPERATION DETECTED,3ph_fault|no_trip
RCL_CH-1215R1_20260801_211514_061,2026-08-01T21:15:14,RCL_CH-1215R1,Sawmill Grade 1215,ZONE_A,3,217,LL,A,3,INDETERMINATE,1,False,35.16,2.11,927.5,14.2,16.83,True,False,3840.0,0.3086,INDETERMINATE (1 shot(s)),
RCL_CH-1215_20260801_211514_0611,2026-08-01T21:15:14.009869,RCL_CH-1215,Sawmill Grade 1215,ZONE_A,3,218,LL,A,2,EPSS_CANDIDATE,0,False,,,927.5,29.2,16.79,True,False,1920.0,0.4104,NO OPERATION DETECTED,no_trip
RCL_RB-4402R1_20260802_165847_0031,2026-08-02T16:58:47.977452,RCL_RB-4402R1,Riverbend 4402,ZONE_D,1,266,SLG,A,2,EPSS_CANDIDATE,0,False,,,932.1,889.7,9.12,True,False,1920.0,0.2568,NO OPERATION DETECTED,no_trip
RCL_RB-4402R2_20260802_165848_003,2026-08-02T16:58:48,RCL_RB-4402R2,Riverbend 4402,ZONE_D,1,266,SLG,A,1,PERMANENT,3,True,16.67,1.0,932.1,916.3,9.12,True,False,1920.0,3.0281,LOCKED OUT (permanent fault),lockout
RCL_RB-4407R1_20260802_165921_0033,2026-08-02T16:59:21.175875,RCL_RB-4407R1,Riverbend 4407,ZONE_D,1,337,3PH,A,1,EPSS_CANDIDATE,0,False,,,68.4,0.0,1030.87,False,True,1920.0,3.7245,NO OPERATION DETECTED,hif_suspect|3ph_fault|no_trip
RCL_CH-1212R1_20260803_161257_024,2026-08-03T16:12:57,RCL_CH-1212R1,Cedar Hollow 1212,ZONE_A,3,436,LLG,A,2,INDETERMINATE,1,False,30.47,1.83,2368.8,2700.1,1.04,True,False,3840.0,0.2638,INDETERMINATE (1 shot(s)),llg_fault
RCL_CH-1212_20260803_161257_0241,2026-08-03T16:12:57.011556,RCL_CH-1212,Cedar Hollow 1212,ZONE_A,3,436,LLG,A,2,EPSS_CANDIDATE,0,False,,,2366.0,2661.8,1.04,True,False,960.0,0.3656,NO OPERATION DETECTED,no_trip|llg_fault
RCL_RG-2112_20260803_202523_106,2026-08-03T20:25:23,RCL_RG-2112,Summit Tap 2112,ZONE_B,2,882,3PH,A,1,INDETERMINATE,1,False,34.9,2.09,2181.3,0.0,2.11,True,False,1920.0,0.3089,INDETERMINATE (1 shot(s)),3ph_fault
RCL_RB-4402R1_20260805_154612_076,2026-08-05T15:46:12,RCL_RB-4402R1,Riverbend 4402,ZONE_D,1,266,SLG,B,3,WSO_EXPOSED,1,False,28.12,1.69,1598.5,1558.9,5.41,True,False,1920.0,1.5516,SUCCESSFUL RECLOSE after 1 shot(s) (temporary fault),
BKR_RB-4402_20260805_154612_0761,2026-08-05T15:46:12.006147,BKR_RB-4402,Riverbend 4402,ZONE_D,1,532,SLG,B,2,EPSS_CANDIDATE,0,False,,,1592.2,1512.5,5.39,True,False,960.0,0.3854,NO OPERATION DETECTED,no_trip
BKR_RB-4402_20260805_191739_0632,2026-08-05T19:17:39.984547,BKR_RB-4402,Riverbend 4402,ZONE_D,1,532,SLG,C,2,EPSS_CANDIDATE,0,False,,,1570.8,1498.2,5.3,True,False,960.0,0.3229,NO OPERATION DETECTED,no_trip
RCL_RB-4402R2_20260805_191740_063,2026-08-05T19:17:40,RCL_RB-4402R2,Riverbend 4402,ZONE_D,1,266,SLG,C,2,WSO_EXPOSED,2,False,18.75,1.12,1570.8,1557.8,5.35,True,False,1920.0,1.3714,INDETERMINATE (2 shot(s)),multiple_shots
RCL_RB-4402R1_20260805_191740_0631,2026-08-05T19:17:40.029662,RCL_RB-4402R1,Riverbend 4402,ZONE_D,1,266,SLG,C,2,EPSS_CANDIDATE,0,False,,,1570.8,1532.4,5.35,True,False,1920.0,0.3333,NO OPERATION DETECTED,no_trip
RCL_RB-4402R1_20260806_170733_010,2026-08-06T17:07:33,RCL_RB-4402R1,Riverbend 4402,ZONE_D,1,266,SLG,C,1,INDETERMINATE,1,False,259.38,15.56,62.4,57.9,134.75,False,True,1920.0,0.4677,INDETERMINATE (1 shot(s)),hif_suspect|slow_trip
RCL_CH-1212R1_20260806_185339_001,2026-08-06T18:53:39,RCL_CH-1212R1,Cedar Hollow 1212,ZONE_A,3,436,LL,A,3,INDETERMINATE,1,False,23.96,1.44,775.7,27.9,20.13,True,False,3840.0,0.2383,INDETERMINATE (1 shot(s)),
RCL_CH-1212_20260806_185339_0011,2026-08-06T18:53:39.014129,RCL_CH-1212,Cedar Hollow 1212,ZONE_A,3,436,LL,A,2,EPSS_CANDIDATE,0,False,,,767.2,55.6,19.98,True,False,960.0,0.3823,NO OPERATION DETECTED,no_trip
BKR_RB-4402_20260807_132521_0421,2026-08-07T13:25:21.982697,BKR_RB-4402,Riverbend 4402,ZONE_D,1,532,LLG,A,2,EPSS_CANDIDATE,0,False,,,1186.9,1325.4,5.72,True,False,960.0,0.3792,NO OPERATION DETECTED,no_trip|llg_fault
RCL_RB-4402R1_20260807_132522_042,2026-08-07T13:25:22,RCL_RB-4402R1,Riverbend 4402,ZONE_D,1,266,LLG,A,2,WSO_EXPOSED,1,False,18.23,1.09,1186.9,1351.8,5.75,True,False,1920.0,1.0005,SUCCESSFUL RECLOSE after 1 shot(s) (temporary fault),llg_fault
RCL_RG-2110R1_20260808_000856_056,2026-08-08T00:08:56,RCL_RG-2110R1,Bear Gulch 2110,ZONE_B,2,287,SLG,A,2,WSO_EXPOSED,2,False,32.29,1.94,2069.1,2047.9,1.48,True,False,960.0,1.6865,INDETERMINATE (2 shot(s)),multiple_shots
BKR_RB-4402_20260809_015033_0841,2026-08-09T01:50:33.998518,BKR_RB-4402,Riverbend 4402,ZONE_D,1,532,SLG,C,2,EPSS_CANDIDATE,0,False,,,1460.7,1398.8,5.7,True,False,960.0,0.3385,NO OPERATION DETECTED,no_trip
RCL_RB-4402R1_20260809_015034_084,2026-08-09T01:50:34,RCL_RB-4402R1,Riverbend 4402,ZONE_D,1,266,SLG,C,3,WSO_EXPOSED,1,False,18.75,1.12,1460.7,1426.8,5.75,True,False,1920.0,1.399,SUCCESSFUL RECLOSE after 1 shot(s) (temporary fault),
RCL_RB-4402R1_20260809_205627_062,2026-08-09T20:56:27,RCL_RB-4402R1,Riverbend 4402,ZONE_D,1,266,LL,B,3,WSO_EXPOSED,1,False,21.35,1.28,1336.7,41.4,32.22,False,False,1920.0,1.4333,SUCCESSFUL RECLOSE after 1 shot(s) (temporary fault),
BKR_RB-4402_20260809_205627_0621,2026-08-09T20:56:27.018685,BKR_RB-4402,Riverbend 4402,ZONE_D,1,532,LL,B,2,EPSS_CANDIDATE,0,False,,,1336.7,62.0,32.33,False,False,960.0,0.3208,NO OPERATION DETECTED,no_trip
BKR_VO-3301_20260810_021025_0232,2026-08-10T02:10:25.990063,BKR_VO-3301,Valley Oak 3301,ZONE_C,2,1100,LLG,A,2,EPSS_CANDIDATE,0,False,,,2487.8,2804.6,1.67,True,False,1920.0,0.376,NO OPERATION DETECTED,no_trip|llg_fault
RCL_VO-3301R1_20260810_021025_0231,2026-08-10T02:10:25.997341,RCL_VO-3301R1,Valley Oak 3301,ZONE_C,2,550,LLG,A,2,EPSS_CANDIDATE,0,False,,,2487.8,2834.4,1.67,True,False,1920.0,0.4245,NO OPERATION DETECTED,no_trip|llg_fault
RCL_VO-3301R2_20260810_021026_023,2026-08-10T02:10:26,RCL_VO-3301R2,Valley Oak 3301,ZONE_C,2,550,LLG,A,1,PERMANENT,3,True,36.46,2.19,2487.8,2812.5,1.66,True,False,960.0,3.349,LOCKED OUT (permanent fault),lockout|llg_fault
RCL_VO-3305R1_20260810_021123_0234,2026-08-10T02:11:23.285330,RCL_VO-3305R1,Valley Oak 3305,ZONE_C,2,179,3PH,A,1,EPSS_CANDIDATE,0,False,,,110.5,0.0,388.73,False,False,1920.0,3.8047,NO OPERATION DETECTED,3ph_fault|no_trip
RCL_CH-1211R2_20260810_082301_092,2026-08-10T08:23:01,RCL_CH-1211R2,Cedar Hollow 1211,ZONE_A,3,342,SLG,C,2,WSO_EXPOSED,2,False,23.96,1.44,1677.8,1654.7,1.79,True,False,960.0,3.6021,SUCCESSFUL RECLOSE after 2 shot(s) (temporary fault),multiple_shots
RCL_CH-1211R1_20260810_082301_0921,2026-08-10T08:23:01.028731,RCL_CH-1211R1,Cedar Hollow 1211,ZONE_A,3,342,SLG,C,2,EPSS_CANDIDATE,0,False,,,1677.8,1634.1,1.82,True,False,3840.0,0.2784,NO OPERATION DETECTED,no_trip
RCL_VO-3301R1_20260811_031117_0211,2026-08-11T03:11:17.987353,RCL_VO-3301R1,Valley Oak 3301,ZONE_C,2,550,SLG,B,3,INDETERMINATE,1,False,26.56,1.59,2064.4,1990.0,2.53,True,False,1920.0,0.2339,INDETERMINATE (1 shot(s)),
RCL_VO-3301R2_20260811_031118_021,2026-08-11T03:11:18,RCL_VO-3301R2,Valley Oak 3301,ZONE_C,2,550,SLG,B,3,INDETERMINATE,1,False,29.17,1.75,2056.3,2018.2,2.57,True,False,960.0,0.2729,INDETERMINATE (1 shot(s)),
BKR_VO-3301_20260811_031118_0212,2026-08-11T03:11:18.008434,BKR_VO-3301,Valley Oak 3301,ZONE_C,2,1100,SLG,B,2,EPSS_CANDIDATE,0,False,,,2064.4,1924.4,2.48,True,False,1920.0,0.4276,NO OPERATION DETECTED,no_trip
RCL_VO-3305_20260811_130443_115,2026-08-11T13:04:43,RCL_VO-3305,Valley Oak 3305,ZONE_C,2,179,SLG,B,1,PERMANENT,2,True,25.52,1.53,1756.3,1733.4,3.01,True,False,1920.0,1.4786,LOCKED OUT (permanent fault),lockout
RCL_RG-2104R1_20260811_225540_053,2026-08-11T22:55:40,RCL_RG-2104R1,Ridgeline 2104,ZONE_B,2,231,SLG,B,1,INDETERMINATE,1,False,219.79,13.19,2760.6,2732.9,1.14,True,False,1920.0,0.413,INDETERMINATE (1 shot(s)),slow_trip
BKR_RG-2104_20260811_225540_0531,2026-08-11T22:55:40.001129,BKR_RG-2104,Ridgeline 2104,ZONE_B,2,465,SLG,B,2,EPSS_CANDIDATE,0,False,,,2749.7,2683.6,1.14,True,False,960.0,0.4896,NO OPERATION DETECTED,no_trip
RCL_VO-3308_20260813_172842_034,2026-08-13T17:28:42,RCL_VO-3308,Almond Row 3308,ZONE_C,2,400,SLG,B,1,INDETERMINATE,1,False,243.75,14.62,1457.5,1409.8,3.61,True,False,1920.0,0.4698,INDETERMINATE (1 shot(s)),slow_trip
RCL_RG-2106_20260813_225734_071,2026-08-13T22:57:34,RCL_RG-2106,Ridgeline 2106,ZONE_B,2,442,LL,A,3,WSO_EXPOSED,1,False,39.58,2.37,1487.1,48.7,10.47,True,False,1920.0,1.6604,SUCCESSFUL RECLOSE after 1 shot(s) (temporary fault),
RCL_VO-3305R1_20260813_233421_029,2026-08-13T23:34:21,RCL_VO-3305R1,Valley Oak 3305,ZONE_C,2,179,SLG,C,1,INDETERMINATE,1,False,254.69,15.28,2047.8,2036.5,2.5,True,False,1920.0,0.5255,INDETERMINATE (1 shot(s)),slow_trip
RCL_CH-1212R1_20260814_144812_078,2026-08-14T14:48:12,RCL_CH-1212R1,Cedar Hollow 1212,ZONE_A,3,436,SLG,A,1,PERMANENT,2,True,25.26,1.52,1818.5,1792.3,1.7,True,False,3840.0,1.656,LOCKED OUT (permanent fault),lockout
RCL_CH-1212_20260814_144812_0781,2026-08-14T14:48:12.007843,RCL_CH-1212,Cedar Hollow 1212,ZONE_A,3,436,SLG,A,2,EPSS_CANDIDATE,0,False,,,1810.6,1755.2,1.69,True,False,960.0,0.326,NO OPERATION DETECTED,no_trip
RCL_CH-1212_20260815_041707_022,2026-08-15T04:17:07,RCL_CH-1212,Cedar Hollow 1212,ZONE_A,3,436,LL,A,3,WSO_EXPOSED,1,False,16.67,1.0,3270.7,63.1,4.69,True,False,960.0,1.0604,SUCCESSFUL RECLOSE after 1 shot(s) (temporary fault),
RCL_RB-4411_20260815_153341_112,2026-08-15T15:33:41,RCL_RB-4411,Delta Flats 4411,ZONE_D,1,249,LL,B,3,INDETERMINATE,1,False,33.33,2.0,3019.7,29.3,14.26,True,False,1920.0,0.2531,INDETERMINATE (1 shot(s)),
RCL_RG-2110R1_20260815_173214_095,2026-08-15T17:32:14,RCL_RG-2110R1,Bear Gulch 2110,ZONE_B,2,287,SLG,A,1,PERMANENT,2,True,23.96,1.44,1866.7,1844.2,1.64,True,False,960.0,1.4177,LOCKED OUT (permanent fault),lockout
RCL_RG-2110_20260815_173214_0951,2026-08-15T17:32:14.014008,RCL_RG-2110,Bear Gulch 2110,ZONE_B,2,287,SLG,A,2,EPSS_CANDIDATE,0,False,,,1872.0,1827.9,1.64,True,False,1920.0,0.3177,NO OPERATION DETECTED,no_trip
RCL_VO-3308R1_20260815_173306_0953,2026-08-15T17:33:06.067963,RCL_VO-3308R1,Almond Row 3308,ZONE_C,2,401,3PH,A,1,EPSS_CANDIDATE,0,False,,,79.8,0.0,319.22,False,True,1920.0,3.9094,NO OPERATION DETECTED,hif_suspect|3ph_fault|no_trip
RCL_RG-2106R1_20260817_182829_077,2026-08-17T18:28:29,RCL_RG-2106R1,Ridgeline 2106,ZONE_B,2,443,SLG,B,1,INDETERMINATE,1,False,337.5,20.25,63.0,59.1,48.17,False,True,1920.0,0.6292,INDETERMINATE (1 shot(s)),hif_suspect|slow_trip
BKR_RG-2104_20260818_132508_0541,2026-08-18T13:25:08.995669,BKR_RG-2104,Ridgeline 2104,ZONE_B,2,465,SLG,C,2,EPSS_CANDIDATE,0,False,,,2194.5,2137.1,1.37,True,False,960.0,0.2448,NO OPERATION DETECTED,no_trip
RCL_RG-2104R1_20260818_132509_054,2026-08-18T13:25:09,RCL_RG-2104R1,Ridgeline 2104,ZONE_B,2,231,SLG,C,1,PERMANENT,2,True,34.37,2.06,2194.5,2167.6,1.38,True,False,1920.0,1.6995,LOCKED OUT (permanent fault),lockout
RCL_RG-2106R1_20260818_132641_0543,2026-08-18T13:26:41.938279,RCL_RG-2106R1,Ridgeline 2106,ZONE_B,2,443,3PH,C,1,EPSS_CANDIDATE,0,False,,,135.7,0.0,188.36,False,False,1920.0,4.0146,NO OPERATION DETECTED,3ph_fault|no_trip
RCL_RB-4411R1_20260819_092726_033,2026-08-19T09:27:26,RCL_RB-4411R1,Delta Flats 4411,ZONE_D,1,249,LLG,A,2,INDETERMINATE,1,False,33.33,2.0,1440.1,1650.7,4.74,True,False,1920.0,0.3104,INDETERMINATE (1 shot(s)),llg_fault
RCL_RB-4411_20260819_092726_0331,2026-08-19T09:27:26.009234,RCL_RB-4411,Delta Flats 4411,ZONE_D,1,249,LLG,A,2,EPSS_CANDIDATE,0,False,,,1440.1,1643.2,4.74,True,False,1920.0,0.3359,NO OPERATION DETECTED,no_trip|llg_fault
